iter	RMSE
0	1.033792306
1	1.017784543
2	0.967749506
3	0.9035763221
4	0.8847154977
5	0.8510472202
6	0.8228430548
7	0.8078074234
8	0.7529360071
9	0.7197068997
